{
  "entryAssembly": "GiamSat.UI",
  "resources": {
    "hash": "sha256-05byOMMgAx9RLGMIP/H+hkW458j3GhHzOqn/mbCDQec=",
    "runtime": {
      "dotnet.7.0.19.r9qraxa684.js": "sha256-b13pJ8pJBwCgn0JhI+mkMwICkopWGXgo8sc9lhSZXMw=",
      "dotnet.timezones.blat": "sha256-kK6U8Vo/Xb8zgDH6JtdgAGSA6NUASHhvZoB+hINV0ms=",
      "dotnet.wasm": "sha256-VRyJ2FwQwc7UlzYMQZLcuSbjED7Qy0JWtpAGgIpkJmg=",
      "icudt_CJK.dat": "sha256-SZLtQnRc0JkwqHab0VUVP7T3uBPSeYzxzDnpxPpUnHk=",
      "icudt_EFIGS.dat": "sha256-8fItetYY8kQ0ww6oxwTLiT3oXlBwHKumbeP2pRF4yTc=",
      "icudt_no_CJK.dat": "sha256-L7sV7NEYP37/Qr2FPCePo5cJqRgTXRwGHuwF5Q+0Nfs="
    },
    "assembly": {
      "BlazorComponentUtilities.dll": "sha256-eDp5c3t6atzlthDvZL2SpINQcSYs7gBnbOHNS/1MkUU=",
      "Blazored.LocalStorage.dll": "sha256-5V8ovY1srbIIz7lzzMhLd3nNJ9LJ6bHoBOnLJahv8Go=",
      "Blazorise.dll": "sha256-+d7+rIyqrunQ3234cDkfUC8q1YXgT3GGEwJbq9oCY+g=",
      "Blazorise.Licensing.dll": "sha256-HCvMfGG13thv3GWvUEN2Ca7avc0Bjw5kpc9h9Kk+LS0=",
      "Blazorise.LoadingIndicator.dll": "sha256-b/dyT3zlPAUlwZutIHAUOFBD8040j7QNo9m//1mncfk=",
      "ClosedXML.dll": "sha256-89k5fIYzAhyZlGWeIJkKIqsfhIWIQWnS9wFzYnsJe+s=",
      "ClosedXML.Report.dll": "sha256-04lxPjetOLoCWIWdSOsArXb9EIjtwikqUpKUxCxNZDo=",
      "DeepCloner.dll": "sha256-0z32Jj39dxvhAObryD60N1OemfRoFvti9RLp8VkWXSI=",
      "DocumentFormat.OpenXml.dll": "sha256-WI0HvcDdgox9sH0Er0LEfUiwktks7Lt/9uY/l0G0iXQ=",
      "ExcelNumberFormat.dll": "sha256-18Rbjk4QJ4MeL8jN+UH69R0opm/qz8qqc32nMmLntQc=",
      "GiamSat.APIClient.dll": "sha256-A0JHpAmEcBWA6Tr9QCQeg3OWqJowe8ZbJg8Hort71Nw=",
      "GiamSat.Models.dll": "sha256-mD+VN5+hjgcN6TbkaFSGMYWKg+FcE/qCOWD7I+JVBhQ=",
      "GiamSat.UI.dll": "sha256-qUYJSZUk7ebJQdYmYiPr0q2QfaLB8oEzfgJR2VdOrlA=",
      "Irony.dll": "sha256-hDJwSTOExuHtGx+S1jGUSwj16IHDx6IhCCTxiZFSzL0=",
      "Microsoft.AspNetCore.Authorization.dll": "sha256-4MDNWw894E2eVIEjgje/guEt5YerxI1Wb2MCRh2DVxM=",
      "Microsoft.AspNetCore.Components.Authorization.dll": "sha256-4o6x0DJAQsaR2OgglFw3mqGdOgaNSWURXC0qhXbA0vI=",
      "Microsoft.AspNetCore.Components.dll": "sha256-0+a2KRNuYI6ifDd6OErTb6s5UWk4HqoXdgceVJoNOHs=",
      "Microsoft.AspNetCore.Components.Forms.dll": "sha256-SGUtuQT9E+QbJWXh+lrV1u7mLeyE/wS+jpozoMH3Fn0=",
      "Microsoft.AspNetCore.Components.Web.dll": "sha256-waPCEBm8GwEWqnbn7lTvRqU/KEPQJ2El7j5IdbJZNYg=",
      "Microsoft.AspNetCore.Components.WebAssembly.Authentication.dll": "sha256-XlDVHeeTFiKIhxBC0BWvAo8RaywaerbTBMGG6qvetmU=",
      "Microsoft.AspNetCore.Components.WebAssembly.dll": "sha256-4J+wyz3u1ydoD8Srl+/xX0vcggtL0CPM6mWfFbJ9cWA=",
      "Microsoft.AspNetCore.Http.Abstractions.dll": "sha256-qFKmKNr9iAZiZxOVvLJBfMhkKfDy1GvY81fHh1hiphU=",
      "Microsoft.AspNetCore.Http.Extensions.dll": "sha256-dsGZ+sGJdrYngMg72CIF31THFtl6ovcKTjtGtj9orn8=",
      "Microsoft.AspNetCore.Http.Features.dll": "sha256-J2xQUZ4BD6tsrQkvGS5HDQfkTGMzmaS76TA9nJrtCpg=",
      "Microsoft.AspNetCore.Localization.dll": "sha256-syddeSMQNcZ/gP0LTGrOj2PUlA2ml5rjdJjeO9cI2Dw=",
      "Microsoft.AspNetCore.Metadata.dll": "sha256-57zJibcr8MuqC9ZULR+hF+DJzAF1mwdYqDxa7fKtE1A=",
      "Microsoft.CSharp.dll": "sha256-7ej9XEbhnJJW65kJe/pr8DMmlkIzKeY7ErwFdHAd8kE=",
      "Microsoft.Extensions.Configuration.Abstractions.dll": "sha256-KJk1ZM6dY4xol+xXxGWYihEO9k6xsQa/iBwFqc0wlqM=",
      "Microsoft.Extensions.Configuration.dll": "sha256-Z6ygSiVPRAnzRHQZ5JyYa/jDy07aQ24EGfrW3qUt3Ro=",
      "Microsoft.Extensions.Configuration.Json.dll": "sha256-Q5AqJneA2TZnzC0IYzBx6j/tHRhWAeMbpH3BsV7KgWg=",
      "Microsoft.Extensions.DependencyInjection.Abstractions.dll": "sha256-rdxTX5N2J9+Ubq2wFZwvAeKAiBD+9nZzaEyYhKdsAG4=",
      "Microsoft.Extensions.DependencyInjection.dll": "sha256-qi0kE7rp0kdsNqdL6DyPZEeimjUGvcLT4iWQX0YnRus=",
      "Microsoft.Extensions.FileProviders.Abstractions.dll": "sha256-aqKu28xxH87E/H9NaAF1hPe3TYToA2U8x+Ms0jugcU4=",
      "Microsoft.Extensions.Http.dll": "sha256-dxqK0TTVizg7iuCrD5agqQzBf6nW1P4LvHJ8zt2uz8k=",
      "Microsoft.Extensions.Localization.Abstractions.dll": "sha256-EQtXxKTSfQ17pn8jBWgy2LoUm5WWI4xbKBV+++3iUxM=",
      "Microsoft.Extensions.Logging.Abstractions.dll": "sha256-e8oOpD1ygiF9l9iFH23H/k7Db8vtEbteDt5LM29gg64=",
      "Microsoft.Extensions.Logging.dll": "sha256-Sezvu1SpB+vPfYWMQ+LQtRpFvN9Ym3AvPDnKYCKxL14=",
      "Microsoft.Extensions.Options.dll": "sha256-k9XISCK5fk9IUDDKqLl/+QFebprK5dgTjSKpE/Zpz8Q=",
      "Microsoft.Extensions.Primitives.dll": "sha256-IK8iDpAZlhg53Rhl4yUeuNVwWQEtJ+abycCfTuQXCFY=",
      "Microsoft.JSInterop.dll": "sha256-nvAPBWl/MSchaYQ2svG0UX1MBWRci+WT9HHZ2TV1kdw=",
      "Microsoft.JSInterop.WebAssembly.dll": "sha256-LIeei4/JFd3TBbtpEc1rneu+zOw4UNmSksghADw1m1I=",
      "Microsoft.Net.Http.Headers.dll": "sha256-P66ftDrXwc6ayND8uYzIk0CPQy1GjNZAPHx9RMhi3V4=",
      "MoreLinq.dll": "sha256-nqnkY/6Hy6eFy7Hnq9BNsK0hM0FzP3DaGALLaqLIIvc=",
      "netstandard.dll": "sha256-hCaI+S21spcpBr0Asn6vpJboHJQ6E59KHG2DDrY834w=",
      "Newtonsoft.Json.dll": "sha256-cs8pHUurDt0IqbB8YXPh560au3q3J/1wRL9jBddRVmE=",
      "Radzen.Blazor.dll": "sha256-NeOyIwDLe22L/BAHHbEyp75Y3ShbS26hp9C1DCuoQF8=",
      "RestEase.dll": "sha256-3gAQfbPfypL5pwdQeji9L9RIL+raUiWAgJFS1nu+/UQ=",
      "RestEase.HttpClientFactory.dll": "sha256-KNpLpuZ0uQofath+vXSEWahK4NQCpDQmhz9HEAnYySA=",
      "SixLabors.Fonts.dll": "sha256-4eLxB+fHj7hZ8bIzgxB6ElrNizp0cBQIUNqm9vbEXZ8=",
      "System.Buffers.dll": "sha256-692H6IuCQ3ds4o0UGZQttlJ4qLW0EgavdzQRLGynPp8=",
      "System.Collections.Concurrent.dll": "sha256-qnYqTg9jk6wMNxMicpHIMi037ax3ao8R+EfO14rM+Ic=",
      "System.Collections.dll": "sha256-gvUe6TTnxxq/MwaHJfzHqp5337HC31iqDHvvsfTISGg=",
      "System.Collections.Immutable.dll": "sha256-f3rWRbr7DywDO6sGHPJDJ9Gh67o0xEz/hP+Ajn60WSs=",
      "System.Collections.NonGeneric.dll": "sha256-rD4U79pidI4qgHuhZXRvQ0GTMFqlxXOxRTij+u3bQVM=",
      "System.Collections.Specialized.dll": "sha256-DXbkzT/nKhJ6FhDn9qODGFWM3vaVaToRTsGv2+pKf9U=",
      "System.ComponentModel.Annotations.dll": "sha256-rEWuJ/coPR0tX1CFHOeYXhWdWqFiq6oxVrfqjJsDwIo=",
      "System.ComponentModel.dll": "sha256-B/LWD1sZ6T7l27Ek/fn219Gi86w1pStyJQizz1/Cqew=",
      "System.ComponentModel.EventBasedAsync.dll": "sha256-bPpyl+6VkXp4RH4o8sHHgts+dtEsUuURg6YWj7dpDSQ=",
      "System.ComponentModel.Primitives.dll": "sha256-FdD/oEIw5FE0WaBOZXvbBgERSbgA26WVSaHiPgA6uvw=",
      "System.ComponentModel.TypeConverter.dll": "sha256-UXWI7K5tuoa4CGR2WQVeVpU0ltOTI3WgW+/XZMrJq8s=",
      "System.Console.dll": "sha256-FyquiESEZ3YTinR2FYQ4OMfijPs0bg40E8wu+RaaBVQ=",
      "System.Core.dll": "sha256-4cEvakGJKAp2h9qHt4cfLDsf2WEG75SuQ0h+Fqh09gA=",
      "System.Data.Common.dll": "sha256-F1C/QT312R//nzPEbP6zpg6vCyJq6l1dM6mBmTmiRjU=",
      "System.Diagnostics.Debug.dll": "sha256-2FgkjL8ARxblGF8SXWqkPicOdw9ig+Nz/bfVK9blQ4M=",
      "System.Diagnostics.Tools.dll": "sha256-l+dhh8EhSd1GZ1TxdM7YGwtkgZyBY6Y0PnPopFgFfCc=",
      "System.Diagnostics.TraceSource.dll": "sha256-OKKBXJHVgFxbf32LD57K17Z4XbcmWpbm7LoEJslRBEI=",
      "System.dll": "sha256-0BZJE2gXs/wh+3C4nWM+FavhxQBbhawa+nd5A0MMIa4=",
      "System.Drawing.dll": "sha256-eO9cjy4yh4kItW9XHoLCha5Xb7LIUkCdo7FBEhtQRJw=",
      "System.Drawing.Primitives.dll": "sha256-N8flPTLX/foJKfHYo7eN4quonXb4qyw4TXDd3ZgzHxQ=",
      "System.Formats.Asn1.dll": "sha256-YtJ8sfjrPo5//5gzoSHFsxvKPYGoW0KteByFFQkf+i0=",
      "System.Globalization.dll": "sha256-SN6VNksG2WTK34FSf0x8Q43YMl8o3IsOO7N9oW6rsm8=",
      "System.IO.Compression.Brotli.dll": "sha256-llfOyhjAAtPaBd1elFBi2vNvW15kx2ktPj+VYHxoObw=",
      "System.IO.Compression.dll": "sha256-x/1Rw+1tcBP3yC8w/eiU/9PXeVKGqwVvWG14HvcjxCQ=",
      "System.IO.dll": "sha256-u4TwbLmZCHDRm/KwwGc7EY8IPUI/Ep84+zkssxTIFEk=",
      "System.IO.FileSystem.dll": "sha256-NqtV+7X0ORkmYDva8nEkHgd+WZR2gFyBQaHrPZIv8Fo=",
      "System.IO.MemoryMappedFiles.dll": "sha256-SA40v00Js8o4zxJKcEQbTzoUt2v0oR6zM3Ya7aT/gnE=",
      "System.IO.Packaging.dll": "sha256-FvHr0AtYRO8HQBGe6tMdBXaBl01mpxlMLCGN56JtPMM=",
      "System.Linq.dll": "sha256-MGExySfoxvC06b39PmUiqFkTHE2b+vp+rZc9UMQl854=",
      "System.Linq.Dynamic.Core.dll": "sha256-KsA1AmkQWza4o3AJK/0Vuz7nJGCUGjiYUf7b+8QwKsA=",
      "System.Linq.Expressions.dll": "sha256-S53TYzk6HBgN/q0ZCKJtmKgqHZSfP1LnBw0wWRsPjbU=",
      "System.Linq.Parallel.dll": "sha256-9aZ1Z0OMLy99jX6bFXJSN3hNlwXlRceCjfYFo+XjuGo=",
      "System.Linq.Queryable.dll": "sha256-+zjSoFtxFanmHBJH8ZGC8qsqguN235+lJ7tW9ZKo3jM=",
      "System.Memory.dll": "sha256-vRiTgaN6fJze3Fq1wllvDcchOn/Bk2c5kObQmh8Y9vQ=",
      "System.Net.Http.dll": "sha256-m50FWUPT8VbnRWXxxRfP04hXwz0rFkuUxXwIzCZv8wM=",
      "System.Net.Primitives.dll": "sha256-77TTXKKw4BKUc3dU90MPJHK94jpGAQAu46JYwaPFtVA=",
      "System.Net.WebSockets.dll": "sha256-936R0HplaRMshp016+3IXktMBv3ZHO/G9qPfRSUrLX0=",
      "System.Numerics.Vectors.dll": "sha256-h9Gc021raKwFOg0N7SWYkrJ6Sf0AftIFiDJs4DoD1hw=",
      "System.ObjectModel.dll": "sha256-qzZ/w4VUIGmHSeHK5a7frIN6+RlgFaOoanQIm3f21Uw=",
      "System.Private.CoreLib.dll": "sha256-HXEsatquKf18xRaL3UA+DJSoMQlN+ES7KTziwe/l1Ss=",
      "System.Private.Uri.dll": "sha256-ticNOBn3s3kMUMH+4K3Z8AWgBmzOBzz1ODP9eUAk3HY=",
      "System.Private.Xml.dll": "sha256-dSeddg4OVvC1eRfsbM6nfJ0nQkQ2S5+UuAhZUrkWlbI=",
      "System.Private.Xml.Linq.dll": "sha256-Q5jOpPqy10THQ58U4PIOG9K5AVupLFzcoTUJPF0Pwsw=",
      "System.Reflection.dll": "sha256-3kPv1sqPhwgYxlUAn3KqFde8T+zmvIoiEZxPIrcMg9M=",
      "System.Reflection.Emit.dll": "sha256-WGKdOP6nmL3FanZGGlojk9FuU9Bew+BqMJ9HU8wcdfM=",
      "System.Reflection.Emit.ILGeneration.dll": "sha256-yASHHPsKGTutpNnszMvOdsFmugT6xXORgCcF4bXuIgA=",
      "System.Reflection.Emit.Lightweight.dll": "sha256-Y4k4iX7MXPAh6f/Let4Oeh01l+ke4ZSmHut2S/fEfRg=",
      "System.Reflection.Extensions.dll": "sha256-XtcE81Kk+dAgs4pWbVyU5GmWoaiNFkwH0ITQAfHjcp0=",
      "System.Reflection.Metadata.dll": "sha256-k4oxhIZ6+mK3GRVUvFdjf6ALVzbuH0U+Ae/sLHckwco=",
      "System.Reflection.Primitives.dll": "sha256-MNaiZovsB8lfO+QpfVTuPp6OsVactEWxhV9U5LdBC7I=",
      "System.Reflection.TypeExtensions.dll": "sha256-MO6ZcpV1ZNaoLu3+YBqCOyQHyqaDgY5L/hd6Kmeiis8=",
      "System.Resources.ResourceManager.dll": "sha256-KrkfsxZ7y+Yg/+s+Gi8DyDoFfy9uOT2GsYu6OTYfEcY=",
      "System.Runtime.CompilerServices.Unsafe.dll": "sha256-vyuXyvSaYHRTvCRzON/yFNU6ftvoqQoH7k4w5B1AqdE=",
      "System.Runtime.dll": "sha256-IXUPBwoESZlF8izxVhgujIgQR5ccvlAeyG7Y4zW/GFw=",
      "System.Runtime.Extensions.dll": "sha256-KT2iITjue++Bu2jby8YMvKZCxwhNSV4XbQ4LS3pqspI=",
      "System.Runtime.InteropServices.dll": "sha256-xRWUtZPivmioN0HILbqx51r0XW2bHAIhg3xg1w8zoHo=",
      "System.Runtime.InteropServices.JavaScript.dll": "sha256-Ibh91E0VvgndlbCmuIz+HXY0u96qZjU55epmShOaBww=",
      "System.Runtime.InteropServices.RuntimeInformation.dll": "sha256-mggWTETeiZ7DvrNWqC+SNhpHeZsbTSQ9FekebEYewPQ=",
      "System.Runtime.Numerics.dll": "sha256-36HcmW+A6G8/hEpM7TkHlu5hP6X6kBoObypuD6y46YU=",
      "System.Runtime.Serialization.Formatters.dll": "sha256-OsJx3jaaQMyXGQ8KtHPhBuNiRutenjUHpU8KNovlwEY=",
      "System.Runtime.Serialization.Primitives.dll": "sha256-HYPa8glMCVhZr4BE5C8U6wIHKVbCUQ2uwviYRzRESo4=",
      "System.Security.Claims.dll": "sha256-6yx6RUjxYa+DkE+h3oWPeovdzXuFKcO7a7w9chaJRcQ=",
      "System.Security.Cryptography.dll": "sha256-noG9tQ+TOLjj0z8ltmsab1s+YwHkliOUA/+IYjDXQWM=",
      "System.Text.Encodings.Web.dll": "sha256-+0I4MjquXELkexAx/zdbuIlJWd7mO2J6l7MXyOYeYEE=",
      "System.Text.Json.dll": "sha256-FVgtK+Ygi7LzQ77TekeMhQMuuWCTtk3YScQHLA+M/Ww=",
      "System.Text.RegularExpressions.dll": "sha256-e6jyMNrk05EFO5DDzmAR0yBN0eqtwOU6d7VYtC6qUnE=",
      "System.Threading.dll": "sha256-Xc8mxpjjPzfPzzOjTrFM18eMU0JAKzCPk0jWWNdZaN4=",
      "System.Web.HttpUtility.dll": "sha256-q+dlwnLKOPC496PKOLNTlwqas0VYTmmftJGuJT122g8=",
      "System.Xml.Linq.dll": "sha256-Y7z2OmngB+2mkW7NkllK8lLkZzI3kfXF6oW0TcFYYig=",
      "System.Xml.XDocument.dll": "sha256-G9ilp/fe31uGvtYQwfquqW0S6DT/TQMwnMRXLUGhgeE=",
      "Toolbelt.Blazor.HttpClientInterceptor.dll": "sha256-bdK8iH5zRXp0oRwnxT4Nh173M2BfaQd8EiHEpBT0xJc=",
      "XLParser.dll": "sha256-oSEf5C5lssUfKDxliKKYmJ5QuYjMyCpQSpsqf0bFS5w="
    },
    "runtimeAssets": {
      "dotnet.wasm": {
        "hash": "sha256-VRyJ2FwQwc7UlzYMQZLcuSbjED7Qy0JWtpAGgIpkJmg=",
        "behavior": "dotnetwasm"
      }
    }
  },
  "cacheBootResources": true,
  "debugBuild": false,
  "debugLevel": 0,
  "linkerEnabled": true,
  "config": [
    "appsettings.json"
  ],
  "icuDataMode": 0,
  "extensions": {
    "blazor": {}
  }
}