{
  "entryAssembly": "GiamSat.UI",
  "resources": {
    "hash": "sha256-Zuxi16SH/ra3PTWk3DDOpiMnGQyXXw/ZgiEfHBz9hlk=",
    "runtime": {
      "dotnet.7.0.14.r9qraxa684.js": "sha256-DrptWQb0Z7nrxhGsoQg7o/WX3+AnZDJ8HmIwFvAJMeo=",
      "dotnet.timezones.blat": "sha256-t5xviiOQTfAsF0UDhmcyalKiaehUmf/sqJl97tmPM0M=",
      "dotnet.wasm": "sha256-2tc+j/9YjJy8+Fx8mSNW3kQIPeO/z0IwTA2MUafPgoE=",
      "icudt_CJK.dat": "sha256-SZLtQnRc0JkwqHab0VUVP7T3uBPSeYzxzDnpxPpUnHk=",
      "icudt_EFIGS.dat": "sha256-8fItetYY8kQ0ww6oxwTLiT3oXlBwHKumbeP2pRF4yTc=",
      "icudt_no_CJK.dat": "sha256-L7sV7NEYP37/Qr2FPCePo5cJqRgTXRwGHuwF5Q+0Nfs="
    },
    "assembly": {
      "BlazorComponentUtilities.dll": "sha256-eDp5c3t6atzlthDvZL2SpINQcSYs7gBnbOHNS/1MkUU=",
      "Blazored.LocalStorage.dll": "sha256-5V8ovY1srbIIz7lzzMhLd3nNJ9LJ6bHoBOnLJahv8Go=",
      "Blazorise.dll": "sha256-+d7+rIyqrunQ3234cDkfUC8q1YXgT3GGEwJbq9oCY+g=",
      "Blazorise.Licensing.dll": "sha256-HCvMfGG13thv3GWvUEN2Ca7avc0Bjw5kpc9h9Kk+LS0=",
      "Blazorise.LoadingIndicator.dll": "sha256-b/dyT3zlPAUlwZutIHAUOFBD8040j7QNo9m//1mncfk=",
      "ClosedXML.dll": "sha256-89k5fIYzAhyZlGWeIJkKIqsfhIWIQWnS9wFzYnsJe+s=",
      "ClosedXML.Report.dll": "sha256-04lxPjetOLoCWIWdSOsArXb9EIjtwikqUpKUxCxNZDo=",
      "DeepCloner.dll": "sha256-0z32Jj39dxvhAObryD60N1OemfRoFvti9RLp8VkWXSI=",
      "DocumentFormat.OpenXml.dll": "sha256-WI0HvcDdgox9sH0Er0LEfUiwktks7Lt/9uY/l0G0iXQ=",
      "ExcelNumberFormat.dll": "sha256-18Rbjk4QJ4MeL8jN+UH69R0opm/qz8qqc32nMmLntQc=",
      "GiamSat.APIClient.dll": "sha256-+jQU7UWmwr9CRPUsJiAFIIiGbvtHe+SZQnikuP8Gh2M=",
      "GiamSat.Models.dll": "sha256-QlbKXQS7EOf0tcfb8IDP2jkOrHiNUoSa676YryCDg+Q=",
      "GiamSat.UI.dll": "sha256-y0U1/bb7FNckgpt0+b80lbM19TkZ9CBMRZg2W9VlTi0=",
      "Irony.dll": "sha256-hDJwSTOExuHtGx+S1jGUSwj16IHDx6IhCCTxiZFSzL0=",
      "Microsoft.AspNetCore.Authorization.dll": "sha256-4MDNWw894E2eVIEjgje/guEt5YerxI1Wb2MCRh2DVxM=",
      "Microsoft.AspNetCore.Components.Authorization.dll": "sha256-4o6x0DJAQsaR2OgglFw3mqGdOgaNSWURXC0qhXbA0vI=",
      "Microsoft.AspNetCore.Components.dll": "sha256-0+a2KRNuYI6ifDd6OErTb6s5UWk4HqoXdgceVJoNOHs=",
      "Microsoft.AspNetCore.Components.Forms.dll": "sha256-SGUtuQT9E+QbJWXh+lrV1u7mLeyE/wS+jpozoMH3Fn0=",
      "Microsoft.AspNetCore.Components.Web.dll": "sha256-waPCEBm8GwEWqnbn7lTvRqU/KEPQJ2El7j5IdbJZNYg=",
      "Microsoft.AspNetCore.Components.WebAssembly.Authentication.dll": "sha256-XlDVHeeTFiKIhxBC0BWvAo8RaywaerbTBMGG6qvetmU=",
      "Microsoft.AspNetCore.Components.WebAssembly.dll": "sha256-4J+wyz3u1ydoD8Srl+/xX0vcggtL0CPM6mWfFbJ9cWA=",
      "Microsoft.AspNetCore.Http.Abstractions.dll": "sha256-qFKmKNr9iAZiZxOVvLJBfMhkKfDy1GvY81fHh1hiphU=",
      "Microsoft.AspNetCore.Http.Extensions.dll": "sha256-dsGZ+sGJdrYngMg72CIF31THFtl6ovcKTjtGtj9orn8=",
      "Microsoft.AspNetCore.Http.Features.dll": "sha256-J2xQUZ4BD6tsrQkvGS5HDQfkTGMzmaS76TA9nJrtCpg=",
      "Microsoft.AspNetCore.Localization.dll": "sha256-syddeSMQNcZ/gP0LTGrOj2PUlA2ml5rjdJjeO9cI2Dw=",
      "Microsoft.AspNetCore.Metadata.dll": "sha256-57zJibcr8MuqC9ZULR+hF+DJzAF1mwdYqDxa7fKtE1A=",
      "Microsoft.CSharp.dll": "sha256-nB1ut2KdR7try1rSyyH+paR9THdrg0Je+IgF0CIKTCM=",
      "Microsoft.Extensions.Configuration.Abstractions.dll": "sha256-KJk1ZM6dY4xol+xXxGWYihEO9k6xsQa/iBwFqc0wlqM=",
      "Microsoft.Extensions.Configuration.dll": "sha256-Z6ygSiVPRAnzRHQZ5JyYa/jDy07aQ24EGfrW3qUt3Ro=",
      "Microsoft.Extensions.Configuration.Json.dll": "sha256-Q5AqJneA2TZnzC0IYzBx6j/tHRhWAeMbpH3BsV7KgWg=",
      "Microsoft.Extensions.DependencyInjection.Abstractions.dll": "sha256-rdxTX5N2J9+Ubq2wFZwvAeKAiBD+9nZzaEyYhKdsAG4=",
      "Microsoft.Extensions.DependencyInjection.dll": "sha256-qi0kE7rp0kdsNqdL6DyPZEeimjUGvcLT4iWQX0YnRus=",
      "Microsoft.Extensions.FileProviders.Abstractions.dll": "sha256-aqKu28xxH87E/H9NaAF1hPe3TYToA2U8x+Ms0jugcU4=",
      "Microsoft.Extensions.Http.dll": "sha256-dxqK0TTVizg7iuCrD5agqQzBf6nW1P4LvHJ8zt2uz8k=",
      "Microsoft.Extensions.Localization.Abstractions.dll": "sha256-EQtXxKTSfQ17pn8jBWgy2LoUm5WWI4xbKBV+++3iUxM=",
      "Microsoft.Extensions.Logging.Abstractions.dll": "sha256-e8oOpD1ygiF9l9iFH23H/k7Db8vtEbteDt5LM29gg64=",
      "Microsoft.Extensions.Logging.dll": "sha256-Sezvu1SpB+vPfYWMQ+LQtRpFvN9Ym3AvPDnKYCKxL14=",
      "Microsoft.Extensions.Options.dll": "sha256-k9XISCK5fk9IUDDKqLl/+QFebprK5dgTjSKpE/Zpz8Q=",
      "Microsoft.Extensions.Primitives.dll": "sha256-IK8iDpAZlhg53Rhl4yUeuNVwWQEtJ+abycCfTuQXCFY=",
      "Microsoft.JSInterop.dll": "sha256-nvAPBWl/MSchaYQ2svG0UX1MBWRci+WT9HHZ2TV1kdw=",
      "Microsoft.JSInterop.WebAssembly.dll": "sha256-LIeei4/JFd3TBbtpEc1rneu+zOw4UNmSksghADw1m1I=",
      "Microsoft.Net.Http.Headers.dll": "sha256-P66ftDrXwc6ayND8uYzIk0CPQy1GjNZAPHx9RMhi3V4=",
      "MoreLinq.dll": "sha256-nqnkY/6Hy6eFy7Hnq9BNsK0hM0FzP3DaGALLaqLIIvc=",
      "netstandard.dll": "sha256-eM96FzhDLqHyvTUREKTHLWW8f9tjcCJU3P48gg+ck7U=",
      "Newtonsoft.Json.dll": "sha256-cs8pHUurDt0IqbB8YXPh560au3q3J/1wRL9jBddRVmE=",
      "Radzen.Blazor.dll": "sha256-NeOyIwDLe22L/BAHHbEyp75Y3ShbS26hp9C1DCuoQF8=",
      "RestEase.dll": "sha256-3gAQfbPfypL5pwdQeji9L9RIL+raUiWAgJFS1nu+/UQ=",
      "RestEase.HttpClientFactory.dll": "sha256-KNpLpuZ0uQofath+vXSEWahK4NQCpDQmhz9HEAnYySA=",
      "SixLabors.Fonts.dll": "sha256-4eLxB+fHj7hZ8bIzgxB6ElrNizp0cBQIUNqm9vbEXZ8=",
      "System.Buffers.dll": "sha256-PCkOFfjKwo34PXHfxqtMB/8oTtlrKyKfr/73/GBTYcI=",
      "System.Collections.Concurrent.dll": "sha256-WSUlDxrY9HOchTcAEh2g283sVWOBzJPKp1pkFkN1Lrs=",
      "System.Collections.dll": "sha256-MU5SKUqLMR2hagB/KjBG4f6TUTSIxr6QOIIRl0NHg8k=",
      "System.Collections.Immutable.dll": "sha256-JOCtUVE6NVpAqrUOl9g/OMCFkHhqg3RoJm9YP394v5Q=",
      "System.Collections.NonGeneric.dll": "sha256-PAfvgIEE9myad9OwNKHfjmsB2Ky09gZe0Tl9iqD1DK0=",
      "System.Collections.Specialized.dll": "sha256-e8E+L07NmCkjDTgPxFtkVzf1w7Cn718+7L1UA+Telek=",
      "System.ComponentModel.Annotations.dll": "sha256-3hz/e9m6v3p0ANKOtgaHlApltL23xlvU8RkkDsTmWg0=",
      "System.ComponentModel.dll": "sha256-q/UREz2oc1R4NQiMZLtMRKyo6bl/qS5WfP8zwvjNYak=",
      "System.ComponentModel.EventBasedAsync.dll": "sha256-E3oyJisEiz+pbPYOZELnzLvC58DBLZzSoczFP3uYatY=",
      "System.ComponentModel.Primitives.dll": "sha256-K4S9FLsLOVqB5UlbXe+2QQtYkND7VEz4e0hLHlw3I48=",
      "System.ComponentModel.TypeConverter.dll": "sha256-zcBusV5g+pReGBX/mFTu6aA+N5v1z8Nd+JoV7ArcFFo=",
      "System.Console.dll": "sha256-fjuWvsAme04yCUAKK4UdwgLmTv/nZBCLTfeW37kg1fA=",
      "System.Core.dll": "sha256-9hCu99LIdGXwYglvZQZG6/ycso3w0309ITCv3BAzH0A=",
      "System.Data.Common.dll": "sha256-XEIjZaJSLtg3Gfn8k9Ozpg2oDGF88/7apsKcdVbIEnU=",
      "System.Diagnostics.Debug.dll": "sha256-swYEcABIFurG/kuvTVPY3BAwd7rggkqRM0kU0N96ex4=",
      "System.Diagnostics.Tools.dll": "sha256-OxJL19rm9oPjXvEeert0aT51k3/0PhfFnjcYXLY1LSE=",
      "System.Diagnostics.TraceSource.dll": "sha256-/DOymYrKlnuRJ8lL/izuqkt6jZ3RrsPggcr4g3L+wmk=",
      "System.dll": "sha256-6ikjWsGy0Vvl2DPgoSvgFFGjtng+mEdqfQ735EeaORs=",
      "System.Drawing.dll": "sha256-FHuMi21CByLc05566C3pGhyZjd5/KxD1yA4SU3vuZUQ=",
      "System.Drawing.Primitives.dll": "sha256-wOFE+zip93MYwRGGOJgbwCEE8NgQjxyHvIGM/ansQ8c=",
      "System.Formats.Asn1.dll": "sha256-QHAEzB5KyvKqOyq2Ba+XUtxtNW5hGmYjFs5O0hnzsEg=",
      "System.Globalization.dll": "sha256-GSn5Xj52gQWtyHWwbfHtopRF7PoNlZe/RAoE058pj5o=",
      "System.IO.Compression.Brotli.dll": "sha256-zhq2i35F6EgmTvVJ2J2l+WHNBHhrS9IagH9bqpdwyJQ=",
      "System.IO.Compression.dll": "sha256-/AmfB5WN8lNoH4rm/cncK8HdrnGPYhx4ycnEppgrpoM=",
      "System.IO.dll": "sha256-KMF7s/u9ICViZR3ITlQU+J04K4YRNP3NDWL4y2qt4ko=",
      "System.IO.FileSystem.dll": "sha256-dWwPGm17+HJmdJu7CQA8xPi2edctgEzQdlKMAQniNnw=",
      "System.IO.MemoryMappedFiles.dll": "sha256-kaEuAjv0s1HlvI8HDgK2ySxviQwHuET/pvgrCJrHzBs=",
      "System.IO.Packaging.dll": "sha256-FvHr0AtYRO8HQBGe6tMdBXaBl01mpxlMLCGN56JtPMM=",
      "System.Linq.dll": "sha256-BPouKfuNSVSybMsLbFWTymkbqxB+eouyceCPDId9Ulo=",
      "System.Linq.Dynamic.Core.dll": "sha256-KsA1AmkQWza4o3AJK/0Vuz7nJGCUGjiYUf7b+8QwKsA=",
      "System.Linq.Expressions.dll": "sha256-zkpwh7i8UPvYBdq7OA+aVinaS1CGScZiFvoamNJmTo8=",
      "System.Linq.Parallel.dll": "sha256-1dDcZggUZgao+OCsygAwC/QRi4rGjh659qooVGa7UEM=",
      "System.Linq.Queryable.dll": "sha256-0V4DZ9XD6zW17MNmVsZQXEraBFNH9qbr2QuUX/aQYNc=",
      "System.Memory.dll": "sha256-ejFieoCt2u2HTg1SUEmqQgt/AVN7twAaueZyD0s50DE=",
      "System.Net.Http.dll": "sha256-nShIbrfTw8Q3iha0InlPOBmNgl0k2HTqo6TfnysvUmU=",
      "System.Net.Primitives.dll": "sha256-eZKxCBHXJ7JgpR/BbAvuKyahPkTAoV4MOCpQugRdnR8=",
      "System.Net.WebSockets.dll": "sha256-6OngGldON/5mV4z3zksLrUo5fbAYJG/TYzBsxN4EZ+M=",
      "System.Numerics.Vectors.dll": "sha256-6oSmmQqs8k+s7tc+AWZ8hX2dRszeIuNuWeC8j9saEHc=",
      "System.ObjectModel.dll": "sha256-zW8EnCWNLEF+4vGHKecncpqZuE/sWRsE4+bAWZL6aek=",
      "System.Private.CoreLib.dll": "sha256-EukYB+oGn3Tnl0QgFUouFFN38WKnVtwfo93EujlvEC0=",
      "System.Private.Uri.dll": "sha256-EGmiamEnJi2LkwWx+jFxNEaudq5crjH01wJAZJV7Dn8=",
      "System.Private.Xml.dll": "sha256-pW2BbwtEAL4qGTHSSYAGDA28v4X/+nTrE8GAA0phIZI=",
      "System.Private.Xml.Linq.dll": "sha256-+iYjXA+1KGssMOWHvUJmMSKLMMMrukM08hmBB+lq9J0=",
      "System.Reflection.dll": "sha256-MPqvXdsjBIpe3RkjdF1E/fL6VrMPmkt954CPIsnNoOA=",
      "System.Reflection.Emit.dll": "sha256-Sxb/t9ibUa0gHOzqkLpc+F3XQLCQ3p19Xz4f++SKsCg=",
      "System.Reflection.Emit.ILGeneration.dll": "sha256-b8TQ4h3LiPBryhOFi10cUB43ifL/uNYMbnvlP0i+jjg=",
      "System.Reflection.Emit.Lightweight.dll": "sha256-6ylTq4k+EBl0MkEUmXReCJpeDIwvrlrnki4Lp833TDw=",
      "System.Reflection.Extensions.dll": "sha256-kjRG89RXJhZZt4VgqIWS2t4fxR+3DLNmPSwGTWAmR5A=",
      "System.Reflection.Metadata.dll": "sha256-dhAuNG5FUDns5gAcVlV108Co4jQsjdLTl3wmcxPCE0k=",
      "System.Reflection.Primitives.dll": "sha256-P2ABrIKYyn2EuLZyq3KJk8jfwLSMybZHeBo7eExsERY=",
      "System.Reflection.TypeExtensions.dll": "sha256-wDK+wW6NPC+IZ9NS6FV3cp3DLmGwVTt4vCO08XkmquU=",
      "System.Resources.ResourceManager.dll": "sha256-XBwAPZ28ukcDs+rbTqS6whRZinlUb1P7/wU6LRPItiw=",
      "System.Runtime.CompilerServices.Unsafe.dll": "sha256-WRBZ/+JnQkR40y4brruXwIcuBrmmH7P4yMXwQQyV/Sk=",
      "System.Runtime.dll": "sha256-VlEW87Wer5DPp2A1enJrz8pK+VuyuTcyzkzJdWio9Eg=",
      "System.Runtime.Extensions.dll": "sha256-qBuaXbwW7J+ZO+/bQ+VKsphWwkesKTXBhG/kEuLKWvo=",
      "System.Runtime.InteropServices.dll": "sha256-6sA4fpPJeO7QjHr2Q7L0XtEzNR5eJkw4U9Z+68tiNvY=",
      "System.Runtime.InteropServices.JavaScript.dll": "sha256-V6M5CXR+JpCjLiC7yftWX0J58hkjLibTP7jbc1e+sL8=",
      "System.Runtime.InteropServices.RuntimeInformation.dll": "sha256-yJLGlSXHSgoZoobhSHONRcj1kwnTDbvzMF4UQ3ZVYFs=",
      "System.Runtime.Numerics.dll": "sha256-OP758NugBcnkSYFhceNpMtyH40tMJ9fdaHsNWGdygeY=",
      "System.Runtime.Serialization.Formatters.dll": "sha256-IBmudGC/LGi0Md2W8D5QnOzDQZWzkJ0RDDqaH2M35z8=",
      "System.Runtime.Serialization.Primitives.dll": "sha256-e++3DRbKSB5O8+Ndi14t/52YwMlZsdXVhVKUj2xUYf8=",
      "System.Security.Claims.dll": "sha256-ua02MGMSoECRkMF1JSai/Zk2f7nPVMJyVIWDd2tlWsE=",
      "System.Security.Cryptography.dll": "sha256-+Vah+GCcgANSMoNaOl+Be+KAP2ksjzl3Y5UFrBo9rik=",
      "System.Text.Encodings.Web.dll": "sha256-e5dkmJ8qb/izcjf7G3YxxJzs7I5rhUGoiqaLdM7oRK0=",
      "System.Text.Json.dll": "sha256-B16NxasUQSrDu3EALXubRUlDKO9ZsDKKLlqNnrNggkU=",
      "System.Text.RegularExpressions.dll": "sha256-tJf8uGgN9Zjy6pHpKcvNfU/0FLg7oNYr8yvLdw7q+qk=",
      "System.Threading.dll": "sha256-2H1LLptfIBFGd3BlM85kE/tfqZTyNdFZgcqmmgb1taw=",
      "System.Web.HttpUtility.dll": "sha256-4KKow2TiWVXS0ViCKSsKtG35pqzUHz90ZhtW/YOCUmI=",
      "System.Xml.Linq.dll": "sha256-LDv1EpoRwMtyR4d7+8MXK9vr3d/k6VlOMvurOGREl9k=",
      "System.Xml.XDocument.dll": "sha256-DAxKz0lmCDUmOtKN/1bcVqNStPFch0vjeubxrEMyX18=",
      "Toolbelt.Blazor.HttpClientInterceptor.dll": "sha256-bdK8iH5zRXp0oRwnxT4Nh173M2BfaQd8EiHEpBT0xJc=",
      "XLParser.dll": "sha256-oSEf5C5lssUfKDxliKKYmJ5QuYjMyCpQSpsqf0bFS5w="
    },
    "runtimeAssets": {
      "dotnet.wasm": {
        "hash": "sha256-2tc+j/9YjJy8+Fx8mSNW3kQIPeO/z0IwTA2MUafPgoE=",
        "behavior": "dotnetwasm"
      }
    }
  },
  "cacheBootResources": true,
  "debugBuild": false,
  "debugLevel": 0,
  "linkerEnabled": true,
  "config": [
    "appsettings.json"
  ],
  "icuDataMode": 0,
  "extensions": {
    "blazor": {}
  }
}