{
  "entryAssembly": "GiamSat.UI",
  "resources": {
    "hash": "sha256-rSc4R96R2R0Q6atgSQhCYXNiwk1bQxAB8SHgLf7u3rw=",
    "runtime": {
      "dotnet.7.0.18.r9qraxa684.js": "sha256-bW0V72kyqtPKNV3Ofg8yTIhNg0VMK1EEZ9ymEnLp/JM=",
      "dotnet.timezones.blat": "sha256-aPcvvHoFVwCzeRxTOvMTcrI2l2HKJO0sjSN7IF10LUQ=",
      "dotnet.wasm": "sha256-hKp0u04Jfi8gT+GdXvnLxPuCUtC7Fnsjuoh4A8qGgJA=",
      "icudt_CJK.dat": "sha256-SZLtQnRc0JkwqHab0VUVP7T3uBPSeYzxzDnpxPpUnHk=",
      "icudt_EFIGS.dat": "sha256-8fItetYY8kQ0ww6oxwTLiT3oXlBwHKumbeP2pRF4yTc=",
      "icudt_no_CJK.dat": "sha256-L7sV7NEYP37/Qr2FPCePo5cJqRgTXRwGHuwF5Q+0Nfs="
    },
    "assembly": {
      "BlazorComponentUtilities.dll": "sha256-eDp5c3t6atzlthDvZL2SpINQcSYs7gBnbOHNS/1MkUU=",
      "Blazored.LocalStorage.dll": "sha256-5V8ovY1srbIIz7lzzMhLd3nNJ9LJ6bHoBOnLJahv8Go=",
      "Blazorise.dll": "sha256-+d7+rIyqrunQ3234cDkfUC8q1YXgT3GGEwJbq9oCY+g=",
      "Blazorise.Licensing.dll": "sha256-HCvMfGG13thv3GWvUEN2Ca7avc0Bjw5kpc9h9Kk+LS0=",
      "Blazorise.LoadingIndicator.dll": "sha256-b/dyT3zlPAUlwZutIHAUOFBD8040j7QNo9m//1mncfk=",
      "ClosedXML.dll": "sha256-89k5fIYzAhyZlGWeIJkKIqsfhIWIQWnS9wFzYnsJe+s=",
      "ClosedXML.Report.dll": "sha256-04lxPjetOLoCWIWdSOsArXb9EIjtwikqUpKUxCxNZDo=",
      "DeepCloner.dll": "sha256-0z32Jj39dxvhAObryD60N1OemfRoFvti9RLp8VkWXSI=",
      "DocumentFormat.OpenXml.dll": "sha256-WI0HvcDdgox9sH0Er0LEfUiwktks7Lt/9uY/l0G0iXQ=",
      "ExcelNumberFormat.dll": "sha256-18Rbjk4QJ4MeL8jN+UH69R0opm/qz8qqc32nMmLntQc=",
      "GiamSat.APIClient.dll": "sha256-7hdI+RAVsK+uCskgBQI15eC5IdJ8ZUtgeR17HVd7Mvw=",
      "GiamSat.Models.dll": "sha256-UqzeGrsZhtYDO99x9e8BCh92BFpX6gISsSYxJW3sRBE=",
      "GiamSat.UI.dll": "sha256-VTEFZT/t6flAoL7yi4GylduUgRjk9+s5FICw3vqnMIE=",
      "Irony.dll": "sha256-hDJwSTOExuHtGx+S1jGUSwj16IHDx6IhCCTxiZFSzL0=",
      "Microsoft.AspNetCore.Authorization.dll": "sha256-4MDNWw894E2eVIEjgje/guEt5YerxI1Wb2MCRh2DVxM=",
      "Microsoft.AspNetCore.Components.Authorization.dll": "sha256-4o6x0DJAQsaR2OgglFw3mqGdOgaNSWURXC0qhXbA0vI=",
      "Microsoft.AspNetCore.Components.dll": "sha256-0+a2KRNuYI6ifDd6OErTb6s5UWk4HqoXdgceVJoNOHs=",
      "Microsoft.AspNetCore.Components.Forms.dll": "sha256-SGUtuQT9E+QbJWXh+lrV1u7mLeyE/wS+jpozoMH3Fn0=",
      "Microsoft.AspNetCore.Components.Web.dll": "sha256-waPCEBm8GwEWqnbn7lTvRqU/KEPQJ2El7j5IdbJZNYg=",
      "Microsoft.AspNetCore.Components.WebAssembly.Authentication.dll": "sha256-XlDVHeeTFiKIhxBC0BWvAo8RaywaerbTBMGG6qvetmU=",
      "Microsoft.AspNetCore.Components.WebAssembly.dll": "sha256-4J+wyz3u1ydoD8Srl+/xX0vcggtL0CPM6mWfFbJ9cWA=",
      "Microsoft.AspNetCore.Http.Abstractions.dll": "sha256-qFKmKNr9iAZiZxOVvLJBfMhkKfDy1GvY81fHh1hiphU=",
      "Microsoft.AspNetCore.Http.Extensions.dll": "sha256-dsGZ+sGJdrYngMg72CIF31THFtl6ovcKTjtGtj9orn8=",
      "Microsoft.AspNetCore.Http.Features.dll": "sha256-J2xQUZ4BD6tsrQkvGS5HDQfkTGMzmaS76TA9nJrtCpg=",
      "Microsoft.AspNetCore.Localization.dll": "sha256-syddeSMQNcZ/gP0LTGrOj2PUlA2ml5rjdJjeO9cI2Dw=",
      "Microsoft.AspNetCore.Metadata.dll": "sha256-57zJibcr8MuqC9ZULR+hF+DJzAF1mwdYqDxa7fKtE1A=",
      "Microsoft.CSharp.dll": "sha256-O+9ZZA2m75O5iI5Vr6YAon6RMmzWt7PU4+gU4cjlBic=",
      "Microsoft.Extensions.Configuration.Abstractions.dll": "sha256-KJk1ZM6dY4xol+xXxGWYihEO9k6xsQa/iBwFqc0wlqM=",
      "Microsoft.Extensions.Configuration.dll": "sha256-Z6ygSiVPRAnzRHQZ5JyYa/jDy07aQ24EGfrW3qUt3Ro=",
      "Microsoft.Extensions.Configuration.Json.dll": "sha256-Q5AqJneA2TZnzC0IYzBx6j/tHRhWAeMbpH3BsV7KgWg=",
      "Microsoft.Extensions.DependencyInjection.Abstractions.dll": "sha256-rdxTX5N2J9+Ubq2wFZwvAeKAiBD+9nZzaEyYhKdsAG4=",
      "Microsoft.Extensions.DependencyInjection.dll": "sha256-qi0kE7rp0kdsNqdL6DyPZEeimjUGvcLT4iWQX0YnRus=",
      "Microsoft.Extensions.FileProviders.Abstractions.dll": "sha256-aqKu28xxH87E/H9NaAF1hPe3TYToA2U8x+Ms0jugcU4=",
      "Microsoft.Extensions.Http.dll": "sha256-dxqK0TTVizg7iuCrD5agqQzBf6nW1P4LvHJ8zt2uz8k=",
      "Microsoft.Extensions.Localization.Abstractions.dll": "sha256-EQtXxKTSfQ17pn8jBWgy2LoUm5WWI4xbKBV+++3iUxM=",
      "Microsoft.Extensions.Logging.Abstractions.dll": "sha256-e8oOpD1ygiF9l9iFH23H/k7Db8vtEbteDt5LM29gg64=",
      "Microsoft.Extensions.Logging.dll": "sha256-Sezvu1SpB+vPfYWMQ+LQtRpFvN9Ym3AvPDnKYCKxL14=",
      "Microsoft.Extensions.Options.dll": "sha256-k9XISCK5fk9IUDDKqLl/+QFebprK5dgTjSKpE/Zpz8Q=",
      "Microsoft.Extensions.Primitives.dll": "sha256-IK8iDpAZlhg53Rhl4yUeuNVwWQEtJ+abycCfTuQXCFY=",
      "Microsoft.JSInterop.dll": "sha256-nvAPBWl/MSchaYQ2svG0UX1MBWRci+WT9HHZ2TV1kdw=",
      "Microsoft.JSInterop.WebAssembly.dll": "sha256-LIeei4/JFd3TBbtpEc1rneu+zOw4UNmSksghADw1m1I=",
      "Microsoft.Net.Http.Headers.dll": "sha256-P66ftDrXwc6ayND8uYzIk0CPQy1GjNZAPHx9RMhi3V4=",
      "MoreLinq.dll": "sha256-nqnkY/6Hy6eFy7Hnq9BNsK0hM0FzP3DaGALLaqLIIvc=",
      "netstandard.dll": "sha256-qG26+0IA4gX4hcMRpy/Hqke5bMr0qvvleuFaLLZ9Vdk=",
      "Newtonsoft.Json.dll": "sha256-cs8pHUurDt0IqbB8YXPh560au3q3J/1wRL9jBddRVmE=",
      "Radzen.Blazor.dll": "sha256-NeOyIwDLe22L/BAHHbEyp75Y3ShbS26hp9C1DCuoQF8=",
      "RestEase.dll": "sha256-3gAQfbPfypL5pwdQeji9L9RIL+raUiWAgJFS1nu+/UQ=",
      "RestEase.HttpClientFactory.dll": "sha256-KNpLpuZ0uQofath+vXSEWahK4NQCpDQmhz9HEAnYySA=",
      "SixLabors.Fonts.dll": "sha256-4eLxB+fHj7hZ8bIzgxB6ElrNizp0cBQIUNqm9vbEXZ8=",
      "System.Buffers.dll": "sha256-9kI61+8ZrkSBzQADeiof4pjyRVv4a8Q1rweJeDmS4gQ=",
      "System.Collections.Concurrent.dll": "sha256-pYsjX+j4hv1t/queMuATs3tmAT6sp2zvLjDVH0aJkDg=",
      "System.Collections.dll": "sha256-ld+Q2PZ1BRO7vcN/FLEtog9qOvegmnZgjjNH4dIFiWE=",
      "System.Collections.Immutable.dll": "sha256-DNyy+i47v7bOl8puRJx57KAT7Ire9FmSTBcwBZDMwpo=",
      "System.Collections.NonGeneric.dll": "sha256-jgFOgG6ZSEVBIl1WurSq48OxT1taD9luOrsqcpKcV3U=",
      "System.Collections.Specialized.dll": "sha256-qFSletiTtW8Ig2e5CQ3x785wLRrNIKFxfrZI5VAvngM=",
      "System.ComponentModel.Annotations.dll": "sha256-2xU2q8SjYVztpL10F8vQjCBqR0u0sClAvVk6KKejF+M=",
      "System.ComponentModel.dll": "sha256-Xxi19W4aDraBZpuJee5FEKENj7ENiDshMKmq5R30xzI=",
      "System.ComponentModel.EventBasedAsync.dll": "sha256-EonAuvmHyaWtGfZkoGqNaWxJI53l0Hn2hNMimi/Qlk0=",
      "System.ComponentModel.Primitives.dll": "sha256-3wIx6I8r1gobgh1FJDJxtTur5N/RtVo1mY/6GPmEgzo=",
      "System.ComponentModel.TypeConverter.dll": "sha256-gAeOTzqo16hIx4C1WwBsnlICEBLvJooZsiOs8LDEYkE=",
      "System.Console.dll": "sha256-0wGXaTLs3SKgkdx67xMUc7yQeatnYhMO536qLLQzOos=",
      "System.Core.dll": "sha256-DOvqPoPHe1DwdJppma7BTfV4B+kcI+9R69jI4J7rlQw=",
      "System.Data.Common.dll": "sha256-c3/rj73QSHyI8w9FM5kQ+dMdVzhBmoTyIi32HisflCQ=",
      "System.Diagnostics.Debug.dll": "sha256-vHGxwxL5GRAejTBODGpw/9C7gv84pbMNfLV/oOuV8UE=",
      "System.Diagnostics.Tools.dll": "sha256-2h2sb67f+i0B0p+e2Ty1nn9vvAk1a+bohoQmGh/YK1Y=",
      "System.Diagnostics.TraceSource.dll": "sha256-dOGTA7j7kcBVMj6n0Y5FRHGOLM7fN+ist3XmSrFztTw=",
      "System.dll": "sha256-BGZlk0xYKQBNgKNUxJeJhNJ9NsSV2Wqlxxz7QnWDbvY=",
      "System.Drawing.dll": "sha256-1wfUbYCE/7Zjw/fQ06SrIM3Xf8c1Vgj8UV5E7f/B5n4=",
      "System.Drawing.Primitives.dll": "sha256-nSQdSBTJzwpEAjtL7vTTqsh8SP9+RPEMRaFdrGMV83g=",
      "System.Formats.Asn1.dll": "sha256-ojqU/KZW7A/iH5F8h5Y6BHMYCp9pophtklQQrHl92wo=",
      "System.Globalization.dll": "sha256-lfVDzdzSUF2Oq2LDhSjTFUar0juoTsT7pVsnPER02J4=",
      "System.IO.Compression.Brotli.dll": "sha256-9JtECr1SJsHU4Dy7HWh0H5sT/PuNL172IDFPgzcnOmY=",
      "System.IO.Compression.dll": "sha256-yg4gjZbyf0pPHlLoS2BVdkG420cLIig6u7lkUKlDSc4=",
      "System.IO.dll": "sha256-8knaIpDQDjzV9wKLzNTO2fi+JX/Ff882Wwir6CTJMdw=",
      "System.IO.FileSystem.dll": "sha256-Y8rZdPr2Qg+stY4HT3hiTcTe9mvWzwodwsRNe6akUus=",
      "System.IO.MemoryMappedFiles.dll": "sha256-weSAV/oyDIIMhWGuvsA+LNsFPwcsob6zAbbRHearQO0=",
      "System.IO.Packaging.dll": "sha256-FvHr0AtYRO8HQBGe6tMdBXaBl01mpxlMLCGN56JtPMM=",
      "System.Linq.dll": "sha256-n2BSNLjkbmwIRTs/DWYS1/QqUGrVIFvN66rgyltQ2+w=",
      "System.Linq.Dynamic.Core.dll": "sha256-KsA1AmkQWza4o3AJK/0Vuz7nJGCUGjiYUf7b+8QwKsA=",
      "System.Linq.Expressions.dll": "sha256-cqlTJtrPlMHQ4mi8vgAswS2t2op5fcP9EAqE56XxGqI=",
      "System.Linq.Parallel.dll": "sha256-vtcvW8gM5izB01Rw41jq9kgCJyNe/Oi6D+5LmTlxApI=",
      "System.Linq.Queryable.dll": "sha256-OV6s7GXCesP8JS95jP8LNQKO+UPK9acVOVbVeIFx+3o=",
      "System.Memory.dll": "sha256-QzBxZpGAruKjiozE2ZTBfLZ5lrCMka54LH4GzW8js2A=",
      "System.Net.Http.dll": "sha256-4d0UvDBSOnvW/6lkl5v/YRq6u03++IriGkgeMqubAeo=",
      "System.Net.Primitives.dll": "sha256-iovYUXdMgV/9AXpu00UG+p1J8oed+WPvGvNzET4L1mI=",
      "System.Net.WebSockets.dll": "sha256-S16ocLe/e+apWyJTnhtxdl6YErOr/cHGTYcVowtL/pU=",
      "System.Numerics.Vectors.dll": "sha256-LdzZuDnZ6eO3aFpoIuEYgpEUTuiR6Kl2nniV3Tn4hmM=",
      "System.ObjectModel.dll": "sha256-21J+MpYYcSXvV+TwrHL/L43NTgse1t8cKDyUtF9w6jw=",
      "System.Private.CoreLib.dll": "sha256-atKwrJhAdrtOaTTkUC4P2MqV6pfnGWU1N+zpcE2Z7E0=",
      "System.Private.Uri.dll": "sha256-ARl5+8oDnJNhaLagPzNCssoTn9J+c1DWZotMyCWR8jA=",
      "System.Private.Xml.dll": "sha256-Zg7obQHPqd/Mnz6+0QRcmgXGJIXkNimV4+fgyR+QZp0=",
      "System.Private.Xml.Linq.dll": "sha256-/U/LkjAV70FlVta2e+eTKp/UikFIakKZ4NJ75wExhyY=",
      "System.Reflection.dll": "sha256-jkOiZhjwiVxCoSh3zlxbjepwauE2/YiZKPSzaWgT8VM=",
      "System.Reflection.Emit.dll": "sha256-7mF5s2ZqlS1fByElUxN2wWXqgNRrl1wqENbjoaNekWM=",
      "System.Reflection.Emit.ILGeneration.dll": "sha256-8LosEUz9+C2vm8fvrSkVlFgHWGdx9UYOMre8u9tGwVs=",
      "System.Reflection.Emit.Lightweight.dll": "sha256-L8yEyey2aXioZUOfPzLifHVC2/iSwB50l/JcIE0727A=",
      "System.Reflection.Extensions.dll": "sha256-VT9Q3domwB+ecv4IFfwYGHXEwdhkku5Uk0RpGGbOi80=",
      "System.Reflection.Metadata.dll": "sha256-CIwMc+1rgFxLePW9FKhRJRtjxb3rhQx3QcOvZaPlX6s=",
      "System.Reflection.Primitives.dll": "sha256-NixGyobgWCnu4q9pKMwyQamKPjxA4S4S5yaDShnj/vo=",
      "System.Reflection.TypeExtensions.dll": "sha256-qanPuHm16rvPPkxvfI8S/569K2PhIvCPthavR5l9PXU=",
      "System.Resources.ResourceManager.dll": "sha256-s6MhRkf93WpH1FXEjpYQRC9eOBVknt+nHTtE59NGMjg=",
      "System.Runtime.CompilerServices.Unsafe.dll": "sha256-jLseUCOdFjzZgjrVxKbTStOFoGAXxzacZqkuj6AE/Fs=",
      "System.Runtime.dll": "sha256-ifWr4B3NO7nQOyc5Wm2yiqmO0iDOrku0iYUkKhPZXdc=",
      "System.Runtime.Extensions.dll": "sha256-XSk7iJvBLWjHaiWKsd7aBa/pG75HEP5FbNyiD5hl8Eg=",
      "System.Runtime.InteropServices.dll": "sha256-eYQ/XQjk3bhPkan6iNeBIZPVKHwEcF4RPrIiGi1o2ZA=",
      "System.Runtime.InteropServices.JavaScript.dll": "sha256-A8Z1edzb/Y+vGLb/Zfwx3ufQ852YvR4uyuwl3+Pz7b4=",
      "System.Runtime.InteropServices.RuntimeInformation.dll": "sha256-FwJ6c65AiRCNbjRBSn/xpUV0ss1fsIpUlAOwMBi880k=",
      "System.Runtime.Numerics.dll": "sha256-j2bcjbipU6itHKet9dp6D8fDIdRq4u1Auo644lVfrCA=",
      "System.Runtime.Serialization.Formatters.dll": "sha256-Vs1oS7aJZ5ZM89laAe+U+CBu71XplCRt/z8MC7Z5X9Y=",
      "System.Runtime.Serialization.Primitives.dll": "sha256-j9OhC7bFRF5yfVcW8ruKOU9yXVH9XG3ZwsJ41PJyhgo=",
      "System.Security.Claims.dll": "sha256-DWWiv5F2DTOFTd5mawtKmb902E5VnMOnUgUrX8BeaYg=",
      "System.Security.Cryptography.dll": "sha256-vPTv/ndOeP9rTqiucFVYMCgTxpbf2J4D+YtFNFF/A5I=",
      "System.Text.Encodings.Web.dll": "sha256-BdSEOzNELz/HfRP0NKUW4HHxeejrJLHUiOEPfTwLbGk=",
      "System.Text.Json.dll": "sha256-QpNMawQ0RIqYQZgaG57MT3j+f6S6psAbuaQSsuvsdI0=",
      "System.Text.RegularExpressions.dll": "sha256-T7lRFgAYZaJNO5R9Ta7qa1R4eZ2pDirFm9l+jYS0TUs=",
      "System.Threading.dll": "sha256-tFL86kQbymaDBsBgYrsqzlSJbawlQ8ZX2LXhY15o+wM=",
      "System.Web.HttpUtility.dll": "sha256-Z2c9VW3M8gpjW2fZJWBLBlYLs64FYvNxDGQs99w8CPA=",
      "System.Xml.Linq.dll": "sha256-xxvyJscesSAdrGw1UHmJctuH3G1ezn7ab0yuVQJwsHA=",
      "System.Xml.XDocument.dll": "sha256-2uTkQL0bDi1nLPZiN68bprfyGRvN3QJAg05v2DwTFE8=",
      "Toolbelt.Blazor.HttpClientInterceptor.dll": "sha256-bdK8iH5zRXp0oRwnxT4Nh173M2BfaQd8EiHEpBT0xJc=",
      "XLParser.dll": "sha256-oSEf5C5lssUfKDxliKKYmJ5QuYjMyCpQSpsqf0bFS5w="
    },
    "runtimeAssets": {
      "dotnet.wasm": {
        "hash": "sha256-hKp0u04Jfi8gT+GdXvnLxPuCUtC7Fnsjuoh4A8qGgJA=",
        "behavior": "dotnetwasm"
      }
    }
  },
  "cacheBootResources": true,
  "debugBuild": false,
  "debugLevel": 0,
  "linkerEnabled": true,
  "config": [
    "appsettings.json"
  ],
  "icuDataMode": 0,
  "extensions": {
    "blazor": {}
  }
}